{
  "project_info": {
    "project_number": "333538382460",
    "firebase_url": "https://dc-lumos-edu-default-rtdb.firebaseio.com",
    "project_id": "dc-lumos-edu",
    "storage_bucket": "dc-lumos-edu.appspot.com"
  },
  "client": [
    {
      "client_info": {
        "mobilesdk_app_id": "1:333538382460:android:2fd909fe1e90ecb44d6ff9",
        "android_client_info": {
          "package_name": "com.example.dc_lumos_edu"
        }
      },
      "oauth_client": [],
      "api_key": [
        {
          "current_key": "AIzaSyAo2DvGZSUINgP_DWeylZAJLXZcPeHotbs"
        }
      ],
      "services": {
        "appinvite_service": {
          "other_platform_oauth_client": []
        }
      }
    }
  ],
  "configuration_version": "1"
}